"EUNISCode","B1","B3","B4","B5","B6","D2","D3","D5","D6","L2sb","L2sed","O1","O3","O4","P1","P2","P3","P6","P7","P8","NA"
"A1.111",NA,NA,NA,NA,NA,NA,NA,NA,NA,NA,NA,NA,NA,NA,NA,NA,NA,NA,NA,NA,NA
"A1.112",NA,NA,NA,NA,NA,NA,NA,NA,NA,NA,NA,NA,NA,NA,NA,NA,NA,NA,NA,NA,NA
"A1.113",NA,NA,NA,NA,NA,NA,NA,NA,NA,NA,NA,NA,NA,NA,NA,NA,NA,NA,NA,NA,NA
"A1.1132",NA,NA,NA,NA,NA,NA,NA,NA,NA,NA,NA,NA,NA,NA,NA,NA,NA,NA,NA,NA,NA
"A1.1133",NA,NA,NA,NA,NA,NA,NA,NA,NA,NA,NA,NA,NA,NA,NA,NA,NA,NA,NA,NA,NA
"A1.121",NA,NA,NA,NA,NA,NA,NA,NA,NA,NA,NA,NA,NA,NA,NA,NA,NA,NA,NA,NA,NA
"A1.122",NA,NA,NA,NA,NA,NA,NA,NA,NA,NA,NA,NA,NA,NA,NA,NA,NA,NA,NA,NA,NA
"A1.123",NA,NA,NA,NA,NA,NA,NA,NA,NA,NA,NA,NA,NA,NA,NA,NA,NA,NA,NA,NA,NA
"A1.124",NA,NA,NA,NA,NA,NA,NA,NA,NA,NA,NA,NA,NA,NA,NA,NA,NA,NA,NA,NA,NA
"A1.125",NA,NA,NA,NA,NA,NA,NA,NA,NA,NA,NA,NA,NA,NA,NA,NA,NA,NA,NA,NA,NA
"A1.126",NA,NA,NA,NA,NA,NA,NA,NA,NA,NA,NA,NA,NA,NA,NA,NA,NA,NA,NA,NA,NA
"A1.127","Not sensitive","Not sensitive","Not sensitive","High","Low","High","Not sensitive","Medium","Medium","High","High","Not assessed",NA,"Insufficient evidence","Not sensitive","Not sensitive","Not sensitive","Not sensitive","Insufficient evidence",NA,NA
"A1.151",NA,NA,NA,NA,NA,NA,NA,NA,NA,NA,NA,NA,NA,NA,NA,NA,NA,NA,NA,NA,NA
"A1.152",NA,NA,NA,NA,NA,NA,NA,NA,NA,NA,NA,NA,NA,NA,NA,NA,NA,NA,NA,NA,NA
"A1.153",NA,NA,NA,NA,NA,NA,NA,NA,NA,NA,NA,NA,NA,NA,NA,NA,NA,NA,NA,NA,NA
"A1.21",NA,NA,NA,NA,NA,NA,NA,NA,NA,NA,NA,NA,NA,NA,NA,NA,NA,NA,NA,NA,NA
"A1.211",NA,NA,NA,NA,NA,NA,NA,NA,NA,NA,NA,NA,NA,NA,NA,NA,NA,NA,NA,NA,NA
"A1.212",NA,NA,NA,NA,NA,NA,NA,NA,NA,NA,NA,NA,NA,NA,NA,NA,NA,NA,NA,NA,NA
"A1.213",NA,NA,NA,NA,NA,NA,NA,NA,NA,NA,NA,NA,NA,NA,NA,NA,NA,NA,NA,NA,NA
"A1.214",NA,NA,NA,NA,NA,NA,NA,NA,NA,NA,NA,NA,NA,NA,NA,NA,NA,NA,NA,NA,NA
"A1.2141",NA,NA,NA,NA,NA,NA,NA,NA,NA,NA,NA,NA,NA,NA,NA,NA,NA,NA,NA,NA,NA
"A1.2142",NA,NA,NA,NA,NA,NA,NA,NA,NA,NA,NA,NA,NA,NA,NA,NA,NA,NA,NA,NA,NA
"A1.2143",NA,NA,NA,NA,NA,NA,NA,NA,NA,NA,NA,NA,NA,NA,NA,NA,NA,NA,NA,NA,NA
"A1.215",NA,NA,NA,NA,NA,NA,NA,NA,NA,NA,NA,NA,NA,NA,NA,NA,NA,NA,NA,NA,NA
"A1.221",NA,NA,NA,NA,NA,NA,NA,NA,NA,NA,NA,NA,NA,NA,NA,NA,NA,NA,NA,NA,NA
"A1.222",NA,NA,NA,NA,NA,NA,NA,NA,NA,NA,NA,NA,NA,NA,NA,NA,NA,NA,NA,NA,NA
"A1.223","Not sensitive","High","Medium","Medium","Medium","High","Not sensitive","Medium","Medium","High","High","Not assessed",NA,"Insufficient evidence","Not sensitive","Not sensitive","Not sensitive","Not sensitive","Not sensitive",NA,NA
"A1.311",NA,NA,NA,NA,NA,NA,NA,NA,NA,NA,NA,NA,NA,NA,NA,NA,NA,NA,NA,NA,NA
"A1.312",NA,NA,NA,NA,NA,NA,NA,NA,NA,NA,NA,NA,NA,NA,NA,NA,NA,NA,NA,NA,NA
"A1.3121",NA,NA,NA,NA,NA,NA,NA,NA,NA,NA,NA,NA,NA,NA,NA,NA,NA,NA,NA,NA,NA
"A1.3122",NA,NA,NA,NA,NA,NA,NA,NA,NA,NA,NA,NA,NA,NA,NA,NA,NA,NA,NA,NA,NA
"A1.313",NA,NA,NA,NA,NA,NA,NA,NA,NA,NA,NA,NA,NA,NA,NA,NA,NA,NA,NA,NA,NA
"A1.3131",NA,NA,NA,NA,NA,NA,NA,NA,NA,NA,NA,NA,NA,NA,NA,NA,NA,NA,NA,NA,NA
"A1.3132",NA,NA,NA,NA,NA,NA,NA,NA,NA,NA,NA,NA,NA,NA,NA,NA,NA,NA,NA,NA,NA
"A1.314",NA,NA,NA,NA,NA,NA,NA,NA,NA,NA,NA,NA,NA,NA,NA,NA,NA,NA,NA,NA,NA
"A1.3141",NA,NA,NA,NA,NA,NA,NA,NA,NA,NA,NA,NA,NA,NA,NA,NA,NA,NA,NA,NA,NA
"A1.3142",NA,NA,NA,NA,NA,NA,NA,NA,NA,NA,NA,NA,NA,NA,NA,NA,NA,NA,NA,NA,NA
"A1.315",NA,NA,NA,NA,NA,NA,NA,NA,NA,NA,NA,NA,NA,NA,NA,NA,NA,NA,NA,NA,NA
"A1.3152",NA,NA,NA,NA,NA,NA,NA,NA,NA,NA,NA,NA,NA,NA,NA,NA,NA,NA,NA,NA,NA
"A1.321",NA,NA,NA,NA,NA,NA,NA,NA,NA,NA,NA,NA,NA,NA,NA,NA,NA,NA,NA,NA,NA
"A1.322",NA,NA,NA,NA,NA,NA,NA,NA,NA,NA,NA,NA,NA,NA,NA,NA,NA,NA,NA,NA,NA
"A1.323",NA,NA,NA,NA,NA,NA,NA,NA,NA,NA,NA,NA,NA,NA,NA,NA,NA,NA,NA,NA,NA
"A1.324",NA,NA,NA,NA,NA,NA,NA,NA,NA,NA,NA,NA,NA,NA,NA,NA,NA,NA,NA,NA,NA
"A1.325",NA,NA,NA,NA,NA,NA,NA,NA,NA,NA,NA,NA,NA,NA,NA,NA,NA,NA,NA,NA,NA
"A1.326",NA,NA,NA,NA,NA,NA,NA,NA,NA,NA,NA,NA,NA,NA,NA,NA,NA,NA,NA,NA,NA
"A1.327",NA,NA,NA,NA,NA,NA,NA,NA,NA,NA,NA,NA,NA,NA,NA,NA,NA,NA,NA,NA,NA
"A1.411",NA,NA,NA,NA,NA,NA,NA,NA,NA,NA,NA,NA,NA,NA,NA,NA,NA,NA,NA,NA,NA
"A1.4112",NA,NA,NA,NA,NA,NA,NA,NA,NA,NA,NA,NA,NA,NA,NA,NA,NA,NA,NA,NA,NA
"A1.4113",NA,NA,NA,NA,NA,NA,NA,NA,NA,NA,NA,NA,NA,NA,NA,NA,NA,NA,NA,NA,NA
"A1.4114",NA,NA,NA,NA,NA,NA,NA,NA,NA,NA,NA,NA,NA,NA,NA,NA,NA,NA,NA,NA,NA
"A1.412",NA,NA,NA,NA,NA,NA,NA,NA,NA,NA,NA,NA,NA,NA,NA,NA,NA,NA,NA,NA,NA
"A1.4121",NA,NA,NA,NA,NA,NA,NA,NA,NA,NA,NA,NA,NA,NA,NA,NA,NA,NA,NA,NA,NA
"A1.413",NA,NA,NA,NA,NA,NA,NA,NA,NA,NA,NA,NA,NA,NA,NA,NA,NA,NA,NA,NA,NA
"A1.414",NA,NA,NA,NA,NA,NA,NA,NA,NA,NA,NA,NA,NA,NA,NA,NA,NA,NA,NA,NA,NA
"A1.421",NA,NA,NA,NA,NA,NA,NA,NA,NA,NA,NA,NA,NA,NA,NA,NA,NA,NA,NA,NA,NA
"A1.441",NA,NA,NA,NA,NA,NA,NA,NA,NA,NA,NA,NA,NA,NA,NA,NA,NA,NA,NA,NA,NA
"A1.442",NA,NA,NA,NA,NA,NA,NA,NA,NA,NA,NA,NA,NA,NA,NA,NA,NA,NA,NA,NA,NA
"A1.443",NA,NA,NA,NA,NA,NA,NA,NA,NA,NA,NA,NA,NA,NA,NA,NA,NA,NA,NA,NA,NA
"A1.444",NA,NA,NA,NA,NA,NA,NA,NA,NA,NA,NA,NA,NA,NA,NA,NA,NA,NA,NA,NA,NA
"A1.445",NA,NA,NA,NA,NA,NA,NA,NA,NA,NA,NA,NA,NA,NA,NA,NA,NA,NA,NA,NA,NA
"A1.446",NA,NA,NA,NA,NA,NA,NA,NA,NA,NA,NA,NA,NA,NA,NA,NA,NA,NA,NA,NA,NA
"A1.447",NA,NA,NA,NA,NA,NA,NA,NA,NA,NA,NA,NA,NA,NA,NA,NA,NA,NA,NA,NA,NA
"A1.448",NA,NA,NA,NA,NA,NA,NA,NA,NA,NA,NA,NA,NA,NA,NA,NA,NA,NA,NA,NA,NA
"A1.449",NA,NA,NA,NA,NA,NA,NA,NA,NA,NA,NA,NA,NA,NA,NA,NA,NA,NA,NA,NA,NA
"A1.44A",NA,NA,NA,NA,NA,NA,NA,NA,NA,NA,NA,NA,NA,NA,NA,NA,NA,NA,NA,NA,NA
"A1.451",NA,NA,NA,NA,NA,NA,NA,NA,NA,NA,NA,NA,NA,NA,NA,NA,NA,NA,NA,NA,NA
"A1.452",NA,NA,NA,NA,NA,NA,NA,NA,NA,NA,NA,NA,NA,NA,NA,NA,NA,NA,NA,NA,NA
"A2.111",NA,NA,NA,NA,NA,"Not sensitive","Not sensitive","Not sensitive","Not sensitive","High","High","Not assessed",NA,NA,"Not sensitive","Not sensitive","Not sensitive","Not sensitive","Not sensitive","Not sensitive",NA
"A2.112","Not sensitive","Not sensitive","Insufficient evidence",NA,"Low","Medium","Low","Medium","Low","High","High","Not assessed",NA,"Insufficient evidence","Not sensitive","Not sensitive","Not sensitive",NA,"Not sensitive","Not sensitive",NA
"A2.211","Not sensitive","Not sensitive","Insufficient evidence","Medium","Low","Low","Not sensitive","Not sensitive","Low","High","High","Not assessed",NA,"Insufficient evidence","Not sensitive","Not sensitive","Not sensitive",NA,"Not sensitive",NA,NA
"A2.22",NA,"Not sensitive",NA,NA,NA,"Not sensitive","Not sensitive","Not sensitive","Not sensitive","High","High","Not assessed",NA,NA,"Not sensitive","Not sensitive","Not sensitive","Not sensitive","Not sensitive","Not sensitive",NA
"A2.221",NA,NA,NA,NA,NA,"Not sensitive","Not sensitive","Not sensitive","Not sensitive","High","High","Not assessed",NA,NA,"Not sensitive","Not sensitive","Not sensitive","Not sensitive","Not sensitive","Not sensitive",NA
"A2.222",NA,"Not sensitive","Not sensitive",NA,"Low","Low","Low","Not sensitive","Low","High","High","Not assessed",NA,NA,"Not sensitive","Not sensitive","Not sensitive","Not sensitive","Not sensitive","Not sensitive",NA
"A2.2221",NA,"Not sensitive","Not sensitive",NA,"Low","Low","Low","Not sensitive","Low","High","High","Not assessed",NA,NA,"Not sensitive","Not sensitive","Not sensitive","Not sensitive","Not sensitive","Not sensitive",NA
"A2.2222",NA,"Not sensitive","Not sensitive",NA,"Low","Low","Low","Not sensitive","Low","High","High","Not assessed",NA,NA,"Not sensitive","Not sensitive","Not sensitive","Not sensitive","Not sensitive","Not sensitive",NA
"A2.223",NA,"Not sensitive","Insufficient evidence",NA,"Low","Low","Low","Not sensitive","Low","High","High","Not assessed",NA,"Low","Not sensitive","Not sensitive","Not sensitive","Not sensitive","Not sensitive","Not sensitive",NA
"A2.231",NA,"High","Insufficient evidence","Medium","Medium","Low","Not sensitive","Not sensitive","Low","High","Medium","Not assessed",NA,"Not sensitive","Not sensitive","Not sensitive","Not sensitive","Not sensitive","Not sensitive","Low",NA
"A2.2312",NA,"High","Insufficient evidence","Medium","Medium","Low","Not sensitive","Not sensitive","Low","High","Medium","Not assessed",NA,"Not sensitive","Not sensitive","Not sensitive","Not sensitive","Not sensitive","Not sensitive","Low",NA
"A2.241",NA,"Insufficient evidence","Low","Medium","Medium","High","Not sensitive","Not sensitive","Medium","High","High","Not assessed",NA,"Not sensitive","Not sensitive","Not sensitive","Not sensitive","Not sensitive","Not sensitive","Low",NA
"A2.242",NA,"High","Medium","Medium","Medium","Medium","Not sensitive","Low","Low","High","High","Not assessed",NA,"Not sensitive","Not sensitive","Not sensitive","Not sensitive","Not sensitive","Not sensitive","Low",NA
"A2.243",NA,"High","Not sensitive","Low","Low","Low","Not sensitive","Low","Low","High","High","Not assessed",NA,NA,"Not sensitive","Not sensitive","Not sensitive","Not sensitive","Not sensitive","Not sensitive",NA
"A2.244",NA,"Medium","Low",NA,"Low","Low","Low","Low","Low","High","High","Not assessed",NA,"Low","Not sensitive","Not sensitive","Not sensitive","Not sensitive","Not sensitive","Not sensitive",NA
"A2.245",NA,"High","Not sensitive","Low","Low","Not sensitive","Not sensitive","Not sensitive","Not sensitive","High","High","Not assessed",NA,"Insufficient evidence","Not sensitive","Not sensitive","Not sensitive","Not sensitive","Not sensitive","Not sensitive",NA
"A2.311",NA,"High","Low","Low","Low","Low","Not sensitive","Not sensitive","Low","High","High","Not assessed",NA,"Not sensitive","Not sensitive","Not sensitive","Not sensitive","Not sensitive","Not sensitive","Not sensitive",NA
"A2.312",NA,"High","Not sensitive","Low","Low","Low","Not sensitive","Low","Low","High","High","Not assessed",NA,NA,"Not sensitive","Not sensitive","Not sensitive","Not sensitive","Not sensitive","Not sensitive",NA
"A2.313",NA,"High","Not sensitive","Low","Low","Low","Not sensitive","Low","Low","High","High","Not assessed",NA,NA,"Not sensitive","Not sensitive","Not sensitive","Not sensitive","Not sensitive","Not sensitive",NA
"A2.321",NA,"High","Insufficient evidence","Low","Low","Low","Not sensitive","Not sensitive","Low","High","High","Not assessed",NA,"Not sensitive","Not sensitive","Not sensitive","Not sensitive","Not sensitive","Not sensitive","Not sensitive",NA
"A2.322",NA,"High","Not sensitive","Low","Low","Low","Not sensitive","Not sensitive","Low","High","High","Not assessed",NA,"Not sensitive","Not sensitive","Not sensitive","Not sensitive","Not sensitive","Not sensitive","Not sensitive",NA
"A2.323",NA,"High","Not sensitive",NA,"Low","Low","Low","Not sensitive","Low","High","High","Not assessed",NA,NA,"Not sensitive","Not sensitive","Not sensitive","Not sensitive","Not sensitive","Not sensitive",NA
"A2.41",NA,"High","Not sensitive","Low","Low","Low","Not sensitive","Low","Low","High","High","Not assessed",NA,NA,"Not sensitive","Not sensitive","Not sensitive","Not sensitive","Not sensitive","Not sensitive",NA
"A2.411",NA,"High","Not sensitive","Low","Low","Low","Not sensitive","Low","Low","High","High","Not assessed",NA,NA,"Not sensitive","Not sensitive","Not sensitive","Not sensitive","Not sensitive","Not sensitive",NA
"A2.4111",NA,"High","Not sensitive","Low","Low","Low","Not sensitive","Low","Low","High","High","Not assessed",NA,NA,"Not sensitive","Not sensitive","Not sensitive","Not sensitive","Not sensitive","Not sensitive",NA
"A2.4112",NA,"High","Not sensitive","Low","Low","Low","Not sensitive","Low","Low","High","High","Not assessed",NA,NA,"Not sensitive","Not sensitive","Not sensitive","Not sensitive","Not sensitive","Not sensitive",NA
"A2.4113",NA,"High","Not sensitive","Low","Low","Low","Not sensitive","Low","Low","High","High","Not assessed",NA,NA,"Not sensitive","Not sensitive","Not sensitive","Not sensitive","Not sensitive","Not sensitive",NA
"A2.4114",NA,"High","Not sensitive","Low","Low","Low","Not sensitive","Low","Low","High","High","Not assessed",NA,NA,"Not sensitive","Not sensitive","Not sensitive","Not sensitive","Not sensitive","Not sensitive",NA
"A2.4115",NA,"High","Not sensitive","Low","Low","Low","Not sensitive","Low","Low","High","High","Not assessed",NA,NA,"Not sensitive","Not sensitive","Not sensitive","Not sensitive","Not sensitive","Not sensitive",NA
"A2.421",NA,"High","Medium","Medium","Medium","Medium","Not sensitive","Low","Low","High","High","Not assessed",NA,"Not sensitive","Not sensitive","Not sensitive","Not sensitive","Not sensitive","Not sensitive","Low",NA
"A2.431",NA,"Not sensitive","Low","Low","Low","Low","Low","Low","Low","High",NA,"Not assessed",NA,"Insufficient evidence","Not sensitive","Not sensitive","Not sensitive","Not sensitive","Not sensitive","Not sensitive",NA
"A2.6111",NA,"High","Medium","Low","High","High","High","Medium","Medium","High","High","Not assessed",NA,"Medium","Not sensitive","Not sensitive","Not sensitive","Medium","Medium","Not sensitive",NA
"A2.711",NA,"Medium","Insufficient evidence","Not sensitive","Medium","Medium","Medium","Not sensitive","Low","High",NA,"Not assessed",NA,"Insufficient evidence","Not sensitive","Not sensitive","Not sensitive","Not sensitive","Not sensitive","Low",NA
"A2.72",NA,"High","Medium","Medium","Medium","Medium","Not sensitive","Medium","Medium","High","Not sensitive","Not assessed",NA,"Insufficient evidence","Not sensitive","Not sensitive","Not sensitive","Not sensitive","Not sensitive","Not sensitive",NA
"A2.721",NA,"High","Medium","Medium","Medium","Medium","Not sensitive","Medium","Medium","High","Not sensitive","Not assessed",NA,"Insufficient evidence","Not sensitive","Not sensitive","Not sensitive","Not sensitive","Not sensitive","Not sensitive",NA
"A2.7211",NA,"High","Medium","Medium","Medium","Medium","Not sensitive","Medium","Medium","High","High","Not assessed",NA,"Insufficient evidence","Not sensitive","Not sensitive","Not sensitive","Not sensitive","Not sensitive","Not sensitive",NA
"A2.7212",NA,"High","Medium","Medium","Medium","Medium","Not sensitive","Medium","Medium","High","High","Not assessed",NA,"Insufficient evidence","Not sensitive","Not sensitive","Not sensitive","Not sensitive","Not sensitive","Not sensitive",NA
"A2.7213",NA,"High","Medium","Medium","Medium","Medium","Not sensitive","Medium","Medium","High","High","Not assessed",NA,"Insufficient evidence","Not sensitive","Not sensitive","Not sensitive","Not sensitive","Not sensitive","Not sensitive",NA
"A3.111",NA,"Not sensitive","Not sensitive","Medium","Medium",NA,"Low","Not sensitive","Low","High",NA,"Not assessed",NA,"Low","Not sensitive","Not sensitive","Not sensitive","Not sensitive","Low","Not sensitive",NA
"A3.1111",NA,"Not sensitive","Not sensitive","Medium","Medium",NA,"Low","Not sensitive","Low","High",NA,"Not assessed",NA,"Low","Not sensitive","Not sensitive","Not sensitive","Not sensitive","Low","Not sensitive",NA
"A3.1112",NA,"Not sensitive","Not sensitive","Medium","Medium",NA,"Low","Not sensitive","Low","High",NA,"Not assessed",NA,"Low","Not sensitive","Not sensitive","Not sensitive","Not sensitive","Low","Not sensitive",NA
"A3.112",NA,"Not sensitive","Not sensitive","Medium","Medium",NA,"Low","Not sensitive","Low","High",NA,"Not assessed",NA,"Low","Not sensitive","Not sensitive","Not sensitive","Not sensitive","Low","Not sensitive",NA
"A3.113",NA,"High","Low","Medium","Medium",NA,"Medium","Not sensitive","Medium","High",NA,"Not assessed",NA,"Medium","Not sensitive","Not sensitive","Not sensitive","Not sensitive","Low","Not sensitive",NA
"A3.115",NA,"High","Low","Medium","Medium",NA,"Medium","Not sensitive","Medium","High",NA,"Not assessed",NA,"Medium","Not sensitive","Not sensitive","Not sensitive","Not sensitive","Low","Not sensitive",NA
"A3.1151",NA,"High","Low","Medium","Medium",NA,"Medium","Not sensitive","Medium","High",NA,"Not assessed",NA,"Medium","Not sensitive","Not sensitive","Not sensitive","Not sensitive","Low","Not sensitive",NA
"A3.1152",NA,"High","Low","Medium","Medium",NA,"Medium","Not sensitive","Medium","High",NA,"Not assessed",NA,"Medium","Not sensitive","Not sensitive","Not sensitive","Not sensitive","Low","Not sensitive",NA
"A3.1153",NA,"High","Low","Medium","Medium",NA,"Medium","Not sensitive","Medium","High",NA,"Not assessed",NA,"Medium","Not sensitive","Not sensitive","Not sensitive","Not sensitive","Low","Not sensitive",NA
"A3.116",NA,"Not sensitive","Not sensitive","Medium","Medium",NA,"Medium","Not sensitive","Low","High",NA,"Not assessed",NA,"Not sensitive","Not sensitive","Not sensitive","Not sensitive","Not sensitive","Not sensitive","Insufficient evidence",NA
"A3.1161",NA,"Not sensitive","Not sensitive","Medium","Medium",NA,"Medium","Not sensitive","Low","High",NA,"Not assessed",NA,"Not sensitive","Not sensitive","Not sensitive","Not sensitive","Not sensitive","Not sensitive","Insufficient evidence",NA
"A3.117",NA,NA,NA,NA,NA,NA,NA,NA,NA,NA,NA,NA,NA,NA,NA,NA,NA,NA,NA,NA,NA
"A3.121",NA,"High","Insufficient evidence","Medium","Medium",NA,"Low","Not sensitive","Medium","High",NA,"Not assessed",NA,"Medium","Not sensitive","Not sensitive","Not sensitive","Low","Low","Not sensitive",NA
"A3.122",NA,"High","Insufficient evidence","Medium","Medium",NA,"Low","Not sensitive","Medium","High",NA,"Not assessed",NA,"Medium","Not sensitive","Not sensitive","Not sensitive","Low","Low","Not sensitive",NA
"A3.123",NA,"High","Low",NA,"Medium",NA,"Medium","Not sensitive","Medium","High",NA,"Not assessed",NA,"Medium","Not sensitive","Not sensitive","Not sensitive","Not sensitive","Low","Not sensitive",NA
"A3.124",NA,"High","Insufficient evidence","Medium","Medium",NA,"Low","Not sensitive","Medium","High",NA,"Not assessed",NA,"Medium","Not sensitive","Not sensitive","Not sensitive","Low","Low","Not sensitive",NA
"A3.125",NA,"High","Insufficient evidence","Medium","Medium",NA,"Low","Not sensitive","Medium","High",NA,"Not assessed",NA,"Medium","Not sensitive","Not sensitive","Not sensitive","Low","Low","Not sensitive",NA
"A3.126",NA,"High","Insufficient evidence","Medium","Medium",NA,"Medium","Not sensitive","Medium","High",NA,"Not assessed",NA,"Medium","Not sensitive","Not sensitive","Not sensitive","Not sensitive","Medium","Not sensitive",NA
"A3.127",NA,"Not sensitive","Not sensitive","Medium","Medium",NA,"Low","Not sensitive","Low","High","High","Not assessed",NA,"Not sensitive","Not sensitive","Not sensitive","Not sensitive","Not sensitive","Not sensitive","Insufficient evidence",NA
"A3.211",NA,"High","Not sensitive","Medium","Medium",NA,"Low","Not sensitive","Low","High",NA,"Not assessed",NA,"Low","Not sensitive","Not sensitive","Not sensitive","Not sensitive","Low","Not sensitive",NA
"A3.2111",NA,"High","Not sensitive","Medium","Medium",NA,"Low","Not sensitive","Low","High",NA,"Not assessed",NA,"Low","Not sensitive","Not sensitive","Not sensitive","Not sensitive","Low","Not sensitive",NA
"A3.2112",NA,NA,NA,NA,NA,NA,NA,NA,NA,NA,NA,NA,NA,NA,NA,NA,NA,NA,NA,NA,NA
"A3.2113","Not sensitive","High","Not sensitive","Medium","Medium","High","Low","Medium","Medium","High","High","Not assessed",NA,"Low","Not sensitive","Not sensitive","Not sensitive","Not sensitive","Not sensitive","Not sensitive",NA
"A3.212",NA,"High","Low","Medium","Medium",NA,"Medium","Not sensitive","Medium","High",NA,"Not assessed",NA,"Medium","Not sensitive","Not sensitive","Not sensitive","Not sensitive","Low","Low",NA
"A3.2121",NA,"High","Low","Medium","Medium",NA,"Medium","Not sensitive","Medium","High",NA,"Not assessed",NA,"Medium","Not sensitive","Not sensitive","Not sensitive","Not sensitive","Low","Low",NA
"A3.2122",NA,"High","Low","Medium","Medium",NA,"Medium","Not sensitive","Medium","High",NA,"Not assessed",NA,"Medium","Not sensitive","Not sensitive","Not sensitive","Not sensitive","Low","Low",NA
"A3.213",NA,"High","Low","Medium","Medium",NA,"Medium","Not sensitive","Medium","High",NA,"Not assessed",NA,"Medium","Not sensitive","Not sensitive","Not sensitive","Not sensitive","Low","Low",NA
"A3.2131",NA,"High","Low","Medium","Medium",NA,"Medium","Not sensitive","Medium","High",NA,"Not assessed",NA,"Medium","Not sensitive","Not sensitive","Not sensitive","Not sensitive","Low","Low",NA
"A3.2132",NA,"High","Low","Medium","Medium",NA,"Medium","Not sensitive","Medium","High",NA,"Not assessed",NA,"Medium","Not sensitive","Not sensitive","Not sensitive","Not sensitive","Low","Low",NA
"A3.214",NA,"High","Low","Medium","Medium",NA,"Medium","Not sensitive","Medium","High",NA,"Not assessed",NA,"Medium","Not sensitive","Not sensitive","Not sensitive","Not sensitive","Low","Not sensitive",NA
"A3.2141",NA,"High","Low","Medium","Medium",NA,"Medium","Not sensitive","Medium","High",NA,"Not assessed",NA,"Medium","Not sensitive","Not sensitive","Not sensitive","Not sensitive","Low","Not sensitive",NA
"A3.2142",NA,"High","Low","Medium","Medium",NA,"Medium","Not sensitive","Medium","High",NA,"Not assessed",NA,"Medium","Not sensitive","Not sensitive","Not sensitive","Not sensitive","Low","Not sensitive",NA
"A3.2143",NA,"High","Low","Medium","Medium",NA,"Medium","Not sensitive","Medium","High",NA,"Not assessed",NA,"Medium","Not sensitive","Not sensitive","Not sensitive","Not sensitive","Low","Low",NA
"A3.2144",NA,"High","Low","Medium","Medium",NA,"Medium","Not sensitive","Medium","High",NA,"Not assessed",NA,"Medium","Not sensitive","Not sensitive","Not sensitive","Not sensitive","Low","Low",NA
"A3.215",NA,"Not sensitive","Not sensitive","Medium","Low",NA,"Not sensitive","Not sensitive","Low","High",NA,"Not assessed",NA,"Not sensitive","Not sensitive","Not sensitive","Not sensitive","Not sensitive","Not sensitive","Insufficient evidence",NA
"A3.216",NA,NA,NA,NA,NA,NA,NA,NA,NA,NA,NA,NA,NA,NA,NA,NA,NA,NA,NA,NA,NA
"A3.217",NA,"Not sensitive","Not sensitive",NA,"Medium","High","Low","Medium","Medium","High",NA,"Not assessed",NA,"Not sensitive","Not sensitive","Not sensitive","Not sensitive","Not sensitive","Not sensitive","Insufficient evidence",NA
"A3.221",NA,"High","Low","Low","Medium",NA,"Low","Not sensitive","Medium","High",NA,"Not assessed",NA,"Low","Not sensitive","Not sensitive","Not sensitive","Not sensitive","Low","Not sensitive",NA
"A3.222",NA,"High","Low","Low","Medium",NA,"Medium","Low","Medium","High",NA,"Not assessed",NA,"Medium","Not sensitive","Not sensitive","Not sensitive","Not sensitive","Low","Not sensitive",NA
"A3.223",NA,"High","Low","Medium","Medium",NA,"Medium","Low","Medium","High",NA,"Not assessed",NA,"Medium","Not sensitive","Not sensitive","Not sensitive","Low","Low","Not sensitive",NA
"A3.224",NA,"High","Low",NA,"Medium",NA,"Medium","Low","Medium","High",NA,"Not assessed",NA,"Low","Not sensitive","Not sensitive","Not sensitive","Not sensitive","Low","Not sensitive",NA
"A3.225",NA,NA,NA,NA,NA,NA,NA,NA,NA,NA,NA,NA,NA,NA,NA,NA,NA,NA,NA,NA,NA
"A3.311",NA,"High","Low","Medium","Medium",NA,"Medium","Low","Medium","High",NA,"Not assessed",NA,"Medium","Not sensitive","Not sensitive","Not sensitive","Not sensitive","Medium","Not sensitive",NA
"A3.312",NA,"High","Low","Medium","Medium",NA,"Medium","Low","Medium","High",NA,"Not assessed",NA,"Medium","Not sensitive","Not sensitive","Not sensitive","Low","Low","Not sensitive",NA
"A3.3121",NA,"High","Low","Medium","Medium",NA,"Medium","Low","Medium","High",NA,"Not assessed",NA,"Medium","Not sensitive","Not sensitive","Not sensitive","Low","Low","Not sensitive",NA
"A3.3122",NA,"High","Low","Medium","Medium",NA,"Medium","Low","Medium","High",NA,"Not assessed",NA,"Medium","Not sensitive","Not sensitive","Not sensitive","Low","Low","Not sensitive",NA
"A3.3123",NA,"High","Low","Medium","Medium",NA,"Medium","Low","Medium","High",NA,"Not assessed",NA,"Medium","Not sensitive","Not sensitive","Not sensitive","Not sensitive","Low","Not sensitive",NA
"A3.313",NA,"Medium","Not sensitive","Medium","Medium",NA,"Low","Not sensitive","Low","High",NA,"Not assessed",NA,"High","Not sensitive","Not sensitive","Not sensitive","Not sensitive","Not sensitive","Not sensitive",NA
"A3.3131",NA,"High","Not sensitive","Medium","Low",NA,"Low","Not sensitive","Low","High",NA,"Not assessed",NA,"High","Not sensitive","Not sensitive","Not sensitive","Not sensitive","Not sensitive","Not sensitive",NA
"A3.3132",NA,"Medium","Not sensitive","Medium","Medium",NA,"Low","Not sensitive","Low","High",NA,"Not assessed",NA,"High","Not sensitive","Not sensitive","Not sensitive","Not sensitive","Not sensitive","Not sensitive",NA
"A3.3133",NA,"Medium","Not sensitive","Medium","Medium",NA,"Low","Not sensitive","Low","High",NA,"Not assessed",NA,"High","Not sensitive","Not sensitive","Not sensitive","Not sensitive","Not sensitive","Not sensitive",NA
"A3.3134",NA,"Not sensitive","Not sensitive","Medium","Medium",NA,"Medium","Not sensitive","Medium","High",NA,"Not assessed",NA,"Insufficient evidence","Not sensitive","Not sensitive","Not sensitive","Not sensitive","Not sensitive","Insufficient evidence",NA
"A3.314",NA,"High","Low","Medium","Medium",NA,"Medium","Not sensitive","Medium","High",NA,"Not assessed",NA,"Medium","Not sensitive","Not sensitive","Not sensitive","Not sensitive","Not sensitive","Not sensitive",NA
"A3.315",NA,"High","Low","Low","Low","Low","Not sensitive","Not sensitive","Low","High","High","Not assessed",NA,"Insufficient evidence","Not sensitive","Not sensitive","Not sensitive","Not sensitive","Low","Insufficient evidence",NA
"A3.321",NA,NA,NA,NA,NA,NA,NA,NA,NA,NA,NA,NA,NA,NA,NA,NA,NA,NA,NA,NA,NA
"A3.322",NA,NA,NA,NA,NA,NA,NA,NA,NA,NA,NA,NA,NA,NA,NA,NA,NA,NA,NA,NA,NA
"A3.323",NA,NA,NA,NA,NA,NA,NA,NA,NA,NA,NA,NA,NA,NA,NA,NA,NA,NA,NA,NA,NA
"A3.341",NA,"Insufficient evidence","Insufficient evidence","Low","Low",NA,"Low","Medium","Low","High",NA,"Not assessed",NA,"Insufficient evidence","Not sensitive","Not sensitive","Not sensitive","Not sensitive","Not sensitive","Not sensitive",NA
"A3.342",NA,"Insufficient evidence","Insufficient evidence","High","Medium",NA,"Not sensitive","Medium","High","High",NA,"Not assessed",NA,"Insufficient evidence","Not sensitive","Not sensitive","Not sensitive","Not sensitive","Medium","Not sensitive",NA
"A3.343",NA,"Medium","Insufficient evidence","Medium","Medium",NA,"Not sensitive","Low","Medium","High",NA,"Not assessed",NA,"Not sensitive","Not sensitive","Not sensitive","Not sensitive","Not sensitive","Medium","Insufficient evidence",NA
"A3.344",NA,"Insufficient evidence","Insufficient evidence","Medium","Medium",NA,"Not sensitive","Medium","Medium","High",NA,"Not assessed",NA,"Insufficient evidence","Not sensitive","Not sensitive","Not sensitive","Not sensitive","Medium","Medium",NA
"A3.361",NA,NA,NA,NA,NA,NA,NA,NA,NA,NA,NA,NA,NA,NA,NA,NA,NA,NA,NA,NA,NA
"A3.362",NA,NA,NA,NA,NA,NA,NA,NA,NA,NA,NA,NA,NA,NA,NA,NA,NA,NA,NA,NA,NA
"A3.363",NA,NA,NA,NA,NA,NA,NA,NA,NA,NA,NA,NA,NA,NA,NA,NA,NA,NA,NA,NA,NA
"A3.711",NA,"Not sensitive","Not sensitive","Medium","Medium",NA,"Not sensitive","Not sensitive","Low","High",NA,"Not assessed",NA,"Not sensitive","Not sensitive","Not sensitive","Not sensitive","Not sensitive","Not sensitive","Insufficient evidence",NA
"A3.712",NA,NA,NA,NA,NA,NA,NA,NA,NA,NA,NA,NA,NA,NA,NA,NA,NA,NA,NA,NA,NA
"A3.713",NA,"Insufficient evidence","Insufficient evidence",NA,"Low",NA,"Low","Low","Low","High",NA,"Not assessed",NA,"Not sensitive","Not sensitive","Not sensitive","Not sensitive","Not sensitive","Not sensitive","Not sensitive",NA
"A3.714",NA,NA,NA,NA,NA,NA,NA,NA,NA,NA,NA,NA,NA,NA,NA,NA,NA,NA,NA,NA,NA
"A3.715",NA,NA,NA,NA,NA,NA,NA,NA,NA,NA,NA,NA,NA,NA,NA,NA,NA,NA,NA,NA,NA
"A3.716",NA,"Not sensitive","Not sensitive",NA,"Medium",NA,"Not sensitive","Not sensitive","Low","High",NA,"Not assessed",NA,"Not sensitive","Not sensitive","Not sensitive","Not sensitive","Not sensitive","Not sensitive","Not sensitive",NA
"A4.111",NA,NA,NA,NA,NA,NA,NA,NA,NA,NA,NA,NA,NA,NA,NA,NA,NA,NA,NA,NA,NA
"A4.112",NA,NA,NA,NA,NA,NA,NA,NA,NA,NA,NA,NA,NA,NA,NA,NA,NA,NA,NA,NA,NA
"A4.1121",NA,NA,NA,NA,NA,NA,NA,NA,NA,NA,NA,NA,NA,NA,NA,NA,NA,NA,NA,NA,NA
"A4.1122",NA,NA,NA,NA,NA,NA,NA,NA,NA,NA,NA,NA,NA,NA,NA,NA,NA,NA,NA,NA,NA
"A4.12",NA,NA,NA,NA,NA,NA,NA,NA,NA,NA,NA,NA,NA,NA,NA,NA,NA,NA,NA,NA,NA
"A4.121",NA,NA,NA,NA,NA,NA,NA,NA,NA,NA,NA,NA,NA,NA,NA,NA,NA,NA,NA,NA,NA
"A4.131",NA,NA,NA,NA,NA,NA,NA,NA,NA,NA,NA,NA,NA,NA,NA,NA,NA,NA,NA,NA,NA
"A4.1311",NA,NA,NA,NA,NA,NA,NA,NA,NA,NA,NA,NA,NA,NA,NA,NA,NA,NA,NA,NA,NA
"A4.1312",NA,NA,NA,NA,NA,NA,NA,NA,NA,NA,NA,NA,NA,NA,NA,NA,NA,NA,NA,NA,NA
"A4.1313",NA,NA,NA,NA,NA,NA,NA,NA,NA,NA,NA,NA,NA,NA,NA,NA,NA,NA,NA,NA,NA
"A4.132",NA,NA,NA,NA,NA,NA,NA,NA,NA,NA,NA,NA,NA,NA,NA,NA,NA,NA,NA,NA,NA
"A4.133",NA,NA,NA,NA,NA,NA,NA,NA,NA,NA,NA,NA,NA,NA,NA,NA,NA,NA,NA,NA,NA
"A4.134",NA,NA,NA,NA,NA,NA,NA,NA,NA,NA,NA,NA,NA,NA,NA,NA,NA,NA,NA,NA,NA
"A4.1341",NA,NA,NA,NA,NA,NA,NA,NA,NA,NA,NA,NA,NA,NA,NA,NA,NA,NA,NA,NA,NA
"A4.1342",NA,NA,NA,NA,NA,NA,NA,NA,NA,NA,NA,NA,NA,NA,NA,NA,NA,NA,NA,NA,NA
"A4.1343",NA,NA,NA,NA,NA,NA,NA,NA,NA,NA,NA,NA,NA,NA,NA,NA,NA,NA,NA,NA,NA
"A4.135",NA,NA,NA,NA,NA,NA,NA,NA,NA,NA,NA,NA,NA,NA,NA,NA,NA,NA,NA,NA,NA
"A4.136",NA,NA,NA,NA,NA,NA,NA,NA,NA,NA,NA,NA,NA,NA,NA,NA,NA,NA,NA,NA,NA
"A4.137",NA,NA,NA,NA,NA,NA,NA,NA,NA,NA,NA,NA,NA,NA,NA,NA,NA,NA,NA,NA,NA
"A4.138",NA,NA,NA,NA,NA,NA,NA,NA,NA,NA,NA,NA,NA,NA,NA,NA,NA,NA,NA,NA,NA
"A4.139",NA,NA,NA,NA,NA,NA,NA,NA,NA,NA,NA,NA,NA,NA,NA,NA,NA,NA,NA,NA,NA
"A4.211",NA,NA,NA,NA,NA,NA,NA,NA,NA,NA,NA,NA,NA,NA,NA,NA,NA,NA,NA,NA,NA
"A4.2111",NA,NA,NA,NA,NA,NA,NA,NA,NA,NA,NA,NA,NA,NA,NA,NA,NA,NA,NA,NA,NA
"A4.2112",NA,NA,NA,NA,NA,NA,NA,NA,NA,NA,NA,NA,NA,NA,NA,NA,NA,NA,NA,NA,NA
"A4.212",NA,NA,NA,NA,NA,NA,NA,NA,NA,NA,NA,NA,NA,NA,NA,NA,NA,NA,NA,NA,NA
"A4.2121",NA,NA,NA,NA,NA,NA,NA,NA,NA,NA,NA,NA,NA,NA,NA,NA,NA,NA,NA,NA,NA
"A4.2122",NA,NA,NA,NA,NA,NA,NA,NA,NA,NA,NA,NA,NA,NA,NA,NA,NA,NA,NA,NA,NA
"A4.213",NA,NA,NA,NA,NA,NA,NA,NA,NA,NA,NA,NA,NA,NA,NA,NA,NA,NA,NA,NA,NA
"A4.214",NA,NA,NA,NA,NA,NA,NA,NA,NA,NA,NA,NA,NA,NA,NA,NA,NA,NA,NA,NA,NA
"A4.2141",NA,NA,NA,NA,NA,NA,NA,NA,NA,NA,NA,NA,NA,NA,NA,NA,NA,NA,NA,NA,NA
"A4.2142",NA,NA,NA,NA,NA,NA,NA,NA,NA,NA,NA,NA,NA,NA,NA,NA,NA,NA,NA,NA,NA
"A4.2143",NA,NA,NA,NA,NA,NA,NA,NA,NA,NA,NA,NA,NA,NA,NA,NA,NA,NA,NA,NA,NA
"A4.2144",NA,NA,NA,NA,NA,NA,NA,NA,NA,NA,NA,NA,NA,NA,NA,NA,NA,NA,NA,NA,NA
"A4.2145",NA,NA,NA,NA,NA,NA,NA,NA,NA,NA,NA,NA,NA,NA,NA,NA,NA,NA,NA,NA,NA
"A4.2146",NA,NA,NA,NA,NA,NA,NA,NA,NA,NA,NA,NA,NA,NA,NA,NA,NA,NA,NA,NA,NA
"A4.215",NA,NA,NA,NA,NA,NA,NA,NA,NA,NA,NA,NA,NA,NA,NA,NA,NA,NA,NA,NA,NA
"A4.22",NA,"Not sensitive","Insufficient evidence","Not sensitive","Medium","Medium","Not sensitive","Not sensitive","Medium","High",NA,"Not assessed",NA,NA,"Not sensitive","Not sensitive","Not sensitive","Not sensitive","Not sensitive","Insufficient evidence",NA
"A4.221",NA,"Not sensitive","Insufficient evidence","Not sensitive","Medium","Medium","Not sensitive","Not sensitive","Medium","High",NA,"Not assessed",NA,NA,"Not sensitive","Not sensitive","Not sensitive","Not sensitive","Not sensitive","Insufficient evidence",NA
"A4.2211",NA,"Not sensitive","Insufficient evidence","Not sensitive","Medium","Medium","Not sensitive","Not sensitive","Medium","High",NA,"Not assessed",NA,NA,"Not sensitive","Not sensitive","Not sensitive","Not sensitive","Not sensitive","Insufficient evidence",NA
"A4.2212",NA,"Not sensitive","Insufficient evidence","Not sensitive","Medium","Medium","Not sensitive","Not sensitive","Medium","High",NA,"Not assessed",NA,NA,"Not sensitive","Not sensitive","Not sensitive","Not sensitive","Not sensitive","Insufficient evidence",NA
"A4.231","Not sensitive","Not sensitive","Insufficient evidence","Medium","Low","High","Not sensitive","Medium","Medium","High","High","Not assessed",NA,"Insufficient evidence","Not sensitive","Not sensitive","Not sensitive","Not sensitive","Insufficient evidence","Insufficient evidence",NA
"A4.232",NA,NA,NA,NA,NA,NA,NA,NA,NA,NA,NA,NA,NA,NA,NA,NA,NA,NA,NA,NA,NA
"A4.233",NA,NA,NA,NA,NA,NA,NA,NA,NA,NA,NA,NA,NA,NA,NA,NA,NA,NA,NA,NA,NA
"A4.241",NA,NA,NA,NA,NA,NA,NA,NA,NA,NA,NA,NA,NA,NA,NA,NA,NA,NA,NA,NA,NA
"A4.242",NA,NA,NA,NA,NA,NA,NA,NA,NA,NA,NA,NA,NA,NA,NA,NA,NA,NA,NA,NA,NA
"A4.25",NA,NA,NA,NA,NA,NA,NA,NA,NA,NA,NA,NA,NA,NA,NA,NA,NA,NA,NA,NA,NA
"A4.251",NA,NA,NA,NA,NA,NA,NA,NA,NA,NA,NA,NA,NA,NA,NA,NA,NA,NA,NA,NA,NA
"A4.2511",NA,NA,NA,NA,NA,NA,NA,NA,NA,NA,NA,NA,NA,NA,NA,NA,NA,NA,NA,NA,NA
"A4.2512",NA,NA,NA,NA,NA,NA,NA,NA,NA,NA,NA,NA,NA,NA,NA,NA,NA,NA,NA,NA,NA
"A4.252",NA,NA,NA,NA,NA,NA,NA,NA,NA,NA,NA,NA,NA,NA,NA,NA,NA,NA,NA,NA,NA
"A4.311",NA,NA,NA,NA,NA,NA,NA,NA,NA,NA,NA,NA,NA,NA,NA,NA,NA,NA,NA,NA,NA
"A4.3111",NA,NA,NA,NA,NA,NA,NA,NA,NA,NA,NA,NA,NA,NA,NA,NA,NA,NA,NA,NA,NA
"A4.3112",NA,NA,NA,NA,NA,NA,NA,NA,NA,NA,NA,NA,NA,NA,NA,NA,NA,NA,NA,NA,NA
"A4.312",NA,NA,NA,NA,NA,NA,NA,NA,NA,NA,NA,NA,NA,NA,NA,NA,NA,NA,NA,NA,NA
"A4.313",NA,NA,NA,NA,NA,NA,NA,NA,NA,NA,NA,NA,NA,NA,NA,NA,NA,NA,NA,NA,NA
"A4.314",NA,NA,NA,NA,NA,NA,NA,NA,NA,NA,NA,NA,NA,NA,NA,NA,NA,NA,NA,NA,NA
"A4.3141",NA,NA,NA,NA,NA,NA,NA,NA,NA,NA,NA,NA,NA,NA,NA,NA,NA,NA,NA,NA,NA
"A4.3142",NA,NA,NA,NA,NA,NA,NA,NA,NA,NA,NA,NA,NA,NA,NA,NA,NA,NA,NA,NA,NA
"A4.71",NA,NA,NA,NA,NA,NA,NA,NA,NA,NA,NA,NA,NA,NA,NA,NA,NA,NA,NA,NA,NA
"A4.711",NA,NA,NA,NA,NA,NA,NA,NA,NA,NA,NA,NA,NA,NA,NA,NA,NA,NA,NA,NA,NA
"A5.12",NA,NA,NA,NA,NA,"Not sensitive","Not sensitive","Not sensitive","Not sensitive","High","High","Not assessed",NA,NA,"Not sensitive","Not sensitive","Not sensitive","Not sensitive","Not sensitive","Not sensitive",NA
"A5.131",NA,NA,NA,NA,NA,"Not sensitive","Not sensitive","Not sensitive","Not sensitive","High","High","Not assessed",NA,NA,"Not sensitive","Not sensitive","Not sensitive","Not sensitive","Not sensitive","Not sensitive",NA
"A5.132",NA,"High","Insufficient evidence",NA,"Medium","Medium","Not sensitive","Not sensitive","Not sensitive","High","High","Not assessed",NA,"Insufficient evidence","Not sensitive","Not sensitive","Not sensitive","Not sensitive","Medium","Medium",NA
"A5.133",NA,"High","Not sensitive","Medium","Low","Low","Low","Low","Low","High","High","Not assessed",NA,NA,"Not sensitive","Not sensitive","Not sensitive","Not sensitive","Not sensitive","Low",NA
"A5.134",NA,"Insufficient evidence","Insufficient evidence",NA,"Low","Medium","Not sensitive","Low","Low","High","High","Not assessed",NA,"Not sensitive","Not sensitive","Not sensitive","Not sensitive","Not sensitive","Not sensitive","Low",NA
"A5.135",NA,"High","Low","Medium","Low","Low","Not sensitive","Low","Low","High","High","Not assessed",NA,NA,"Not sensitive","Not sensitive","Not sensitive","Not sensitive","Not sensitive","Medium",NA
"A5.136",NA,"High","Insufficient evidence",NA,"Low","Low","Low","Insufficient evidence","Low","High","High","Not assessed",NA,"Not sensitive","Not sensitive","Not sensitive","Not sensitive","Not sensitive","Not sensitive","Insufficient evidence",NA
"A5.137",NA,"Insufficient evidence","Insufficient evidence",NA,"Low","Not sensitive","Not sensitive","Not sensitive","Not sensitive","High","High","Not assessed",NA,"Insufficient evidence","Not sensitive","Not sensitive","Not sensitive","Not sensitive","Not sensitive","Low",NA
"A5.141",NA,"Not sensitive","Not sensitive",NA,"Low","Low","Not sensitive","Not sensitive","Low","High","High","Not assessed",NA,"Not sensitive","Not sensitive","Not sensitive","Not sensitive","Not sensitive","Not sensitive","Insufficient evidence",NA
"A5.142",NA,"High","Not sensitive","Not sensitive","Low","Low","Low","Low","Low","High","High","Not assessed",NA,NA,"Not sensitive","Not sensitive","Not sensitive","Not sensitive","Not sensitive","Low",NA
"A5.143",NA,"Insufficient evidence","Insufficient evidence",NA,"Low","Low","Not sensitive","Insufficient evidence","Low","High","High","Not assessed",NA,"Not sensitive","Not sensitive","Not sensitive","Not sensitive","Not sensitive","Insufficient evidence","Low",NA
"A5.144",NA,"Insufficient evidence","Insufficient evidence","Not sensitive","Medium","Medium","Medium","Not sensitive","Not sensitive","High","High","Not assessed",NA,"Not sensitive","Not sensitive","Not sensitive","Not sensitive","Not sensitive","Medium","Medium",NA
"A5.145",NA,"Insufficient evidence","Insufficient evidence",NA,"Low","Medium","Not sensitive","Low","Low","High","High","Not assessed",NA,"Low","Not sensitive","Not sensitive","Not sensitive","Not sensitive","Not sensitive","Low",NA
"A5.151",NA,"High","Not sensitive",NA,"Low","Low","Not sensitive","Low","Low","High","High","Not assessed",NA,NA,"Not sensitive","Not sensitive","Not sensitive","Not sensitive","Not sensitive","Low",NA
"A5.152",NA,"Insufficient evidence","Insufficient evidence",NA,"Low","Low","Insufficient evidence","Insufficient evidence","Low","High","High","Not assessed",NA,"Not sensitive","Not sensitive","Not sensitive","Not sensitive","Not sensitive","Insufficient evidence","Low",NA
"A5.21",NA,"Insufficient evidence","Insufficient evidence","Medium","Medium","Medium","Not sensitive","Not sensitive","Low","High","High","Not assessed",NA,"Not sensitive","Not sensitive","Not sensitive","Not sensitive","Not sensitive","Not sensitive","Not sensitive",NA
"A5.22","Not sensitive","Medium","Not sensitive","Medium","Medium","Low","Low","Not sensitive","Low","High","Not sensitive","Not assessed",NA,"Not sensitive","Not sensitive","Not sensitive","Not sensitive","Not sensitive","Not sensitive","Not sensitive",NA
"A5.221","Not sensitive","Medium","Not sensitive",NA,"Low","Low","Not sensitive","Not sensitive","Low","High","High","Not assessed",NA,"Not sensitive","Not sensitive","Not sensitive","Not sensitive","Not sensitive","Not sensitive","Not sensitive",NA
"A5.222","Not sensitive","Not sensitive","Insufficient evidence",NA,"Low","Low","Low","Not sensitive","Low","High","High","Not assessed",NA,"Low","Not sensitive","Not sensitive","Not sensitive","Not sensitive","Not sensitive","Not sensitive",NA
"A5.231",NA,"Not sensitive","Insufficient evidence",NA,"Low","Low","Low","Not sensitive","Low","High","High","Not assessed",NA,"Low","Not sensitive","Not sensitive","Not sensitive","Not sensitive","Not sensitive","Not sensitive",NA
"A5.232",NA,"Insufficient evidence","Insufficient evidence",NA,"Low","Low","Not sensitive","Not sensitive","Low","High","High","Not assessed","Not sensitive","Not sensitive","Not sensitive","Not sensitive","Not sensitive","Not sensitive","Not sensitive","Low",NA
"A5.233",NA,"Not sensitive","Insufficient evidence",NA,"Low","Low","Low","Not sensitive","Low","High","High","Not assessed",NA,"Low","Not sensitive","Not sensitive","Not sensitive","Not sensitive","Not sensitive","Not sensitive",NA
"A5.234","Not sensitive",NA,"Low","Not sensitive","Low","Medium","Low","Low","Low","High","High","Not assessed",NA,"Not sensitive","Not sensitive","Not sensitive","Not sensitive","Not sensitive","Not sensitive","Low",NA
"A5.241",NA,"Not sensitive","Not sensitive","Medium","Medium","Medium","Not sensitive","Not sensitive","Medium","High","High","Not assessed",NA,NA,"Not sensitive","Not sensitive","Not sensitive","Not sensitive","Medium","Medium",NA
"A5.242",NA,"High","Low","Medium","Low","Low","Low","Low","Low","High","High","Not assessed",NA,NA,"Not sensitive","Not sensitive","Not sensitive","Not sensitive","Not sensitive","Low",NA
"A5.243",NA,"High","Insufficient evidence","Medium","Medium","Low","Not sensitive","Not sensitive","Not sensitive","High","High","Not assessed",NA,"Not sensitive","Not sensitive","Not sensitive","Not sensitive","Not sensitive","Not sensitive","Not sensitive",NA
"A5.244",NA,"High","Low","Medium","Low","Low","Low","Low","Low","High","High","Not assessed",NA,NA,"Not sensitive","Not sensitive","Not sensitive","Not sensitive","Not sensitive","Low",NA
"A5.251",NA,"High","Low","Medium","Low","Low","Low","Low","Low","High","High","Not assessed",NA,NA,"Not sensitive","Not sensitive","Not sensitive","Not sensitive","Not sensitive","Low",NA
"A5.252",NA,"High","Low","Medium","Low","Low","Low","Low","Low","High","High","Not assessed",NA,NA,"Not sensitive","Not sensitive","Not sensitive","Not sensitive","Not sensitive","Low",NA
"A5.261",NA,"High","Low","Medium","Low","Low","Low","Low","Low","High","High","Not assessed",NA,NA,"Not sensitive","Not sensitive","Not sensitive","Not sensitive","Not sensitive","Low",NA
"A5.262",NA,NA,"Insufficient evidence",NA,"Medium","Medium","Not sensitive","Low","Medium","High","High","Not assessed",NA,NA,"Not sensitive","Not sensitive","Not sensitive","Not sensitive","Medium","Medium",NA
"A5.271",NA,"Insufficient evidence","Insufficient evidence",NA,"Low","Medium","Not sensitive","Not sensitive","Medium","High","Medium","Not assessed",NA,"Not sensitive","Not sensitive","Not sensitive","Not sensitive","Not sensitive","Medium","Low",NA
"A5.272",NA,NA,"Insufficient evidence",NA,"Medium","Medium","Not sensitive","Low","Medium","High","High","Not assessed",NA,NA,"Not sensitive","Not sensitive","Not sensitive","Not sensitive","Medium","Medium",NA
"A5.31",NA,"Insufficient evidence","Insufficient evidence","Medium","Medium","Medium","Not sensitive","Not sensitive","Low","High","High","Not assessed",NA,"Not sensitive","Not sensitive","Not sensitive","Not sensitive","Not sensitive","Not sensitive","Not sensitive",NA
"A5.321","Not sensitive",NA,"Low",NA,"Low","Medium","Low","Low","Low","High","High","Not assessed",NA,"Not sensitive","Not sensitive","Not sensitive","Not sensitive","Not sensitive","Low","Low",NA
"A5.322","Not sensitive","High","Not sensitive",NA,"Medium","Low","Not sensitive","Not sensitive","Low","High","High","Not assessed",NA,"Not sensitive","Not sensitive","Not sensitive","Not sensitive","Not sensitive","Not sensitive","Not sensitive",NA
"A5.323",NA,"High","Not sensitive","Medium","Medium","Low","Not sensitive","Not sensitive","Low","High","High","Not assessed",NA,"Not sensitive","Not sensitive","Not sensitive","Not sensitive","Not sensitive","Not sensitive","Not sensitive",NA
"A5.325",NA,"High","Not sensitive",NA,"Low","Low","Low","Low","Low","High","High","Not assessed",NA,NA,"Not sensitive","Not sensitive","Not sensitive","Not sensitive","Not sensitive","Not sensitive",NA
"A5.326",NA,"High","Not sensitive",NA,"Low","Low","Low","Not sensitive","Low","High","High","Not assessed",NA,NA,"Not sensitive","Not sensitive","Not sensitive","Not sensitive","Not sensitive","Not sensitive",NA
"A5.327",NA,"High","Not sensitive",NA,"Low","Low","Low","Not sensitive","Low","High","High","Not assessed",NA,NA,"Not sensitive","Not sensitive","Not sensitive","Not sensitive","Not sensitive","Low",NA
"A5.331",NA,"High","Low","Medium","Low","High","Not sensitive","Not sensitive","Medium","High","High","Not assessed",NA,"Not sensitive","Not sensitive","Not sensitive","Not sensitive","Not sensitive","Not sensitive","Not sensitive",NA
"A5.332",NA,"Insufficient evidence","Insufficient evidence",NA,"Medium","Medium","Not sensitive","Not sensitive","Medium","High","High","Not assessed","Not sensitive","Not sensitive","Not sensitive","Not sensitive","Not sensitive","Not sensitive","Not sensitive","Medium",NA
"A5.333",NA,"Insufficient evidence","Insufficient evidence",NA,"Low","Low","Low","Not sensitive","Low","High","High","Not assessed",NA,"Not sensitive","Not sensitive","Not sensitive","Not sensitive","Not sensitive","Low","Low",NA
"A5.334",NA,"Insufficient evidence","Insufficient evidence",NA,"Low","Low","Low","Not sensitive","Low","High","High","Not assessed",NA,"Not sensitive","Not sensitive","Not sensitive","Not sensitive","Not sensitive","Low","Low",NA
"A5.336",NA,"High","Not sensitive",NA,"Low","Low","Low","Low","Low","High","High","Not assessed",NA,NA,"Not sensitive","Not sensitive","Not sensitive","Not sensitive","Not sensitive","Not sensitive",NA
"A5.341",NA,"High","Medium","Medium","Medium","Medium","Not sensitive","Low","Low","High","High","Not assessed",NA,"Not sensitive","Not sensitive","Not sensitive","Not sensitive","Not sensitive","Not sensitive","Low",NA
"A5.342",NA,"High","Insufficient evidence","Medium","Medium","Medium","Not sensitive","Not sensitive","Not sensitive","High","High","Not assessed",NA,"Not sensitive","Not sensitive","Not sensitive","Not sensitive","Not sensitive","Not sensitive","Not sensitive",NA
"A5.343",NA,"Insufficient evidence","Insufficient evidence",NA,"Medium","Medium","Not sensitive","Not sensitive","Medium","High","High","Not assessed",NA,"Not sensitive","Not sensitive","Not sensitive","Not sensitive","Not sensitive","Medium","High",NA
"A5.344",NA,"Insufficient evidence","Not sensitive",NA,"Low","Medium","Not sensitive","Not sensitive","Medium","High","High","Not assessed",NA,"Not sensitive","Not sensitive","Not sensitive","Not sensitive","Not sensitive","Not sensitive","Medium",NA
"A5.351",NA,NA,"Insufficient evidence",NA,"Medium","Medium","Not sensitive","Not sensitive","Medium","High","High","Not assessed",NA,"Not sensitive","Not sensitive","Not sensitive","Not sensitive","Not sensitive","Medium","Not sensitive",NA
"A5.352",NA,NA,"Insufficient evidence",NA,"Medium","Medium","Not sensitive","Not sensitive","Medium","High","High","Not assessed",NA,"Not sensitive","Not sensitive","Not sensitive","Not sensitive","Not sensitive","Medium","Low",NA
"A5.353",NA,NA,"Insufficient evidence",NA,"Medium","Medium","Not sensitive","Not sensitive","Medium","High","High","Not assessed",NA,"Not sensitive","Not sensitive","Not sensitive","Not sensitive","Not sensitive","Medium","Not sensitive",NA
"A5.354",NA,"Insufficient evidence","Low","Not sensitive","Medium","High","Medium","Medium","Medium","High","High","Not assessed",NA,"Not sensitive","Not sensitive","Not sensitive","Not sensitive","Not sensitive","Medium","High",NA
"A5.3541",NA,"Insufficient evidence","Low","Not sensitive","Medium","High","Medium","Medium","Medium","High","High","Not assessed",NA,"Not sensitive","Not sensitive","Not sensitive","Not sensitive","Not sensitive","Medium","High",NA
"A5.355",NA,"Insufficient evidence","Insufficient evidence",NA,"Medium","Medium","Not sensitive","Not sensitive","Medium","High","High","Not assessed",NA,"Not sensitive","Not sensitive","Not sensitive","Not sensitive","Not sensitive","Medium","Medium",NA
"A5.361",NA,"Insufficient evidence","Insufficient evidence","Not sensitive","Medium","High","Not sensitive","Not sensitive","Medium","High","High","Not assessed",NA,"Not sensitive","Not sensitive","Not sensitive","Not sensitive","Not sensitive","Medium","Medium",NA
"A5.3611",NA,"Insufficient evidence","Insufficient evidence","Not sensitive","High","High","Not sensitive","Not sensitive","High","High","High","Not assessed",NA,"Not sensitive","Not sensitive","Not sensitive","Not sensitive","Not sensitive","Medium","Medium",NA
"A5.362",NA,"Insufficient evidence","Medium","Not sensitive","Not sensitive","High","Not sensitive","Not sensitive","Medium","High","High","Not assessed",NA,"Not sensitive","Not sensitive","Not sensitive","Not sensitive","Not sensitive","Medium","Medium",NA
"A5.363","Not sensitive",NA,"Not sensitive","Not sensitive","Medium","Medium","Not sensitive","Not sensitive","Medium","High","High","Not assessed",NA,"Not sensitive","Not sensitive","Not sensitive","Not sensitive","Not sensitive","Medium","Medium",NA
"A5.371",NA,NA,"Insufficient evidence",NA,"Medium","Medium","Not sensitive","Low","Medium","High","High","Not assessed",NA,"Not sensitive","Not sensitive","Not sensitive","Not sensitive","Not sensitive","Low","Not sensitive",NA
"A5.372",NA,"Insufficient evidence","Insufficient evidence",NA,"Low","Low","Not sensitive","Medium","Low","High","High","Not assessed",NA,NA,"Not sensitive","Not sensitive","Not sensitive","Not sensitive","Low","Low",NA
"A5.373",NA,"Medium","Low",NA,"Medium","Medium","Not sensitive","Low","Low","High","High","Not assessed",NA,NA,"Not sensitive","Not sensitive","Not sensitive","Not sensitive","Not sensitive","Low",NA
"A5.374",NA,"Not sensitive","Not sensitive",NA,"Low","Low","Low","Low","Low","High","High","Not assessed",NA,NA,"Not sensitive","Not sensitive","Not sensitive","Not sensitive","Not sensitive","Low",NA
"A5.3741",NA,"Not sensitive","Not sensitive",NA,"Low","Low","Low","Low","Low","High","High","Not assessed",NA,NA,"Not sensitive","Not sensitive","Not sensitive","Not sensitive","Not sensitive","Low",NA
"A5.375",NA,NA,"Insufficient evidence",NA,"Medium","Medium","Not sensitive","Not sensitive","Medium","High","High","Not assessed",NA,"Not sensitive","Not sensitive","Not sensitive","Not sensitive","Not sensitive","Medium","Not sensitive",NA
"A5.376",NA,NA,"Insufficient evidence",NA,"Medium","Medium","Not sensitive","Not sensitive","Medium","High","High","Not assessed",NA,"Not sensitive","Not sensitive","Not sensitive","Not sensitive","Not sensitive","Medium","Not sensitive",NA
"A5.377",NA,NA,"Insufficient evidence",NA,"Medium","Medium","Not sensitive","Not sensitive","Medium","High","High","Not assessed",NA,"Not sensitive","Not sensitive","Not sensitive","Not sensitive","Not sensitive","Medium","Not sensitive",NA
"A5.41",NA,"Insufficient evidence","Insufficient evidence","Medium","Medium","Medium","Not sensitive","Low","Low","High","High","Not assessed",NA,"Not sensitive","Not sensitive","Not sensitive","Not sensitive","Not sensitive","Not sensitive","Not sensitive",NA
"A5.421","Not sensitive",NA,"Not sensitive",NA,"Low","Low","Low","Not sensitive","Low","High","High","Not assessed",NA,"Not sensitive","Not sensitive","Not sensitive","Not sensitive","Not sensitive","Not sensitive","Not sensitive",NA
"A5.422",NA,NA,"Not sensitive","Low","Low","Low","Not sensitive","Low","Low","High","High","Not assessed",NA,"Not sensitive","Not sensitive","Not sensitive","Not sensitive","Not sensitive","Not sensitive","Not sensitive",NA
"A5.431",NA,NA,"Not sensitive","Low","Low","Low","Not sensitive","Low","Low","High","High","Not assessed",NA,"Not sensitive","Not sensitive","Not sensitive","Not sensitive","Not sensitive","Not sensitive","Not sensitive",NA
"A5.432",NA,"Medium","Insufficient evidence",NA,"Medium","Medium","Not sensitive","Medium","Medium","High","Medium","Not assessed",NA,"Insufficient evidence","Not sensitive","Not sensitive","Not sensitive","Not sensitive","Insufficient evidence","Medium",NA
"A5.433",NA,"High","Low","Low","Low","Low","Low","Low","Low","High","High","Not assessed",NA,NA,"Not sensitive","Not sensitive","Not sensitive","Not sensitive","Not sensitive","Low",NA
"A5.434",NA,"Insufficient evidence","Not sensitive","Not sensitive","High","High","Medium","Medium","High","High","Medium","Not assessed",NA,NA,"Not sensitive","Not sensitive","Not sensitive","Not sensitive","Insufficient evidence","Insufficient evidence",NA
"A5.435",NA,"High","High","High","Medium","High","Not sensitive","High","High","High",NA,"Not assessed",NA,"Not sensitive","Not sensitive","Not sensitive","Not sensitive","Not sensitive","Not sensitive","Not sensitive",NA
"A5.441",NA,"Insufficient evidence","Insufficient evidence",NA,"Medium","Medium","Not sensitive","Medium","Medium","High","High","Not assessed",NA,"Insufficient evidence","Not sensitive","Not sensitive","Not sensitive","Not sensitive","Medium","Low",NA
"A5.4411",NA,"Insufficient evidence","Insufficient evidence",NA,"Medium","Medium","Not sensitive","Medium","Medium","High","High","Not assessed",NA,"Insufficient evidence","Not sensitive","Not sensitive","Not sensitive","Not sensitive","Medium","Low",NA
"A5.442",NA,"Insufficient evidence","Insufficient evidence",NA,"Medium","High","Not sensitive","High","High","High","Not sensitive","Not assessed",NA,NA,"Not sensitive","Not sensitive","Not sensitive","Not sensitive","Not sensitive","Not sensitive",NA
"A5.443",NA,"High","Insufficient evidence",NA,"Low","Low","Not sensitive","Not sensitive","Low","High","High","Not assessed",NA,NA,"Not sensitive","Not sensitive","Not sensitive","Not sensitive","Not sensitive","Not sensitive",NA
"A5.444",NA,"Insufficient evidence","Insufficient evidence","Medium","Medium","Medium","Not sensitive","Not sensitive","Medium","High","High","Not assessed","Not sensitive","Not sensitive","Not sensitive","Not sensitive","Not sensitive","Not sensitive","Not sensitive","Low",NA
"A5.445",NA,"Insufficient evidence","Not sensitive",NA,"Medium","Medium","Not sensitive","Medium","Medium","High","Not sensitive","Not assessed",NA,"Not sensitive","Not sensitive","Not sensitive","Not sensitive","Not sensitive","Not sensitive","Low",NA
"A5.451",NA,"High","Not sensitive","Not sensitive","Low","Low","Low","Low","Low","High","High","Not assessed",NA,NA,"Not sensitive","Not sensitive","Not sensitive","Not sensitive","Not sensitive","Low",NA
"A5.51",NA,"High","Insufficient evidence","High","High","High","Medium","High","High","High","Not sensitive","Not assessed",NA,"Insufficient evidence","Not sensitive","Not sensitive","Not sensitive","Not sensitive","High","High",NA
"A5.511",NA,"High","Insufficient evidence","High","High","High","Medium","High","High","High","Not sensitive","Not assessed",NA,"Insufficient evidence","Not sensitive","Not sensitive","Not sensitive","Not sensitive","High","High",NA
"A5.5111",NA,"High","Insufficient evidence","High","High","High","Medium","High","High","High","Not sensitive","Not assessed",NA,"Low","Not sensitive","Not sensitive","Not sensitive","Not sensitive","High","High",NA
"A5.5112",NA,"High","Insufficient evidence","High","High","High","Medium","High","High","High","Not sensitive","Not assessed",NA,"Insufficient evidence","Not sensitive","Not sensitive","Not sensitive","Not sensitive","High","High",NA
"A5.512",NA,"High","Insufficient evidence","High","High","High","Medium","High","High","High","Not sensitive","Not assessed",NA,"Insufficient evidence","Not sensitive","Not sensitive","Not sensitive","Not sensitive","High","High",NA
"A5.521",NA,"High","Low",NA,"Medium","Medium","Low","Not sensitive","Medium","High","High","Not assessed",NA,"Medium","Not sensitive","Not sensitive","Not sensitive","Not sensitive","Low","Not sensitive",NA
"A5.5211",NA,"High","Low",NA,"Medium","Medium","Low","Not sensitive","Medium","High","High","Not assessed",NA,"Medium","Not sensitive","Not sensitive","Not sensitive","Not sensitive","Low","Not sensitive",NA
"A5.5212",NA,"High","Low",NA,"Medium","Medium","Low","Not sensitive","Medium","High","High","Not assessed",NA,"Medium","Not sensitive","Not sensitive","Not sensitive","Not sensitive","Low","Not sensitive",NA
"A5.5213",NA,"High","Low",NA,"Medium","Medium","Low","Not sensitive","Medium","High","High","Not assessed",NA,"Medium","Not sensitive","Not sensitive","Not sensitive","Not sensitive","Low","Not sensitive",NA
"A5.5214",NA,"High","Low",NA,"Medium","Medium","Low","Not sensitive","Medium","High","High","Not assessed",NA,"Medium","Not sensitive","Not sensitive","Not sensitive","Not sensitive","Low","Not sensitive",NA
"A5.522",NA,"High","Low",NA,"Medium","Medium","Low","Not sensitive","Medium","High","High","Not assessed",NA,"Medium","Not sensitive","Not sensitive","Not sensitive","Not sensitive","Low","Not sensitive",NA
"A5.523",NA,"High","Low",NA,"Medium","Medium","Medium","Low","Medium","High","High","Not assessed",NA,"Medium","Not sensitive","Not sensitive","Not sensitive","Not sensitive","Low","Low",NA
"A5.524",NA,"High","Low","Medium","Medium","Medium","Medium","Not sensitive","Medium","High","High","Not assessed",NA,"Low","Not sensitive","Not sensitive","Not sensitive","Low","Low","Not sensitive",NA
"A5.525",NA,"High","Low","Medium","Medium","Medium","Medium","Not sensitive","Medium","High","High","Not assessed",NA,"Low","Not sensitive","Not sensitive","Not sensitive","Low","Low","Not sensitive",NA
"A5.526",NA,"Insufficient evidence","Insufficient evidence",NA,"Medium","Low","Low","Medium","Low","High","Not sensitive","Not assessed",NA,"Low","Not sensitive","Not sensitive","Not sensitive","Insufficient evidence","Insufficient evidence","Insufficient evidence",NA
"A5.527",NA,"Low","Insufficient evidence",NA,"Medium","Medium","Medium","Not sensitive","Medium","High","Not sensitive","Not assessed",NA,"Low","Not sensitive","Not sensitive","Not sensitive","Not sensitive","Insufficient evidence","Insufficient evidence",NA
"A5.528",NA,"Not sensitive","Not sensitive","Low","Low","Low","Not sensitive","Low","Low","High",NA,"Not assessed",NA,"Not sensitive","Not sensitive","Not sensitive","Not sensitive","Not sensitive","Not sensitive","Not sensitive",NA
"A5.5331",NA,"High","High","Medium","High","High","High","Medium","Medium","High","High","Not assessed",NA,"High","Not sensitive","Not sensitive","Not sensitive","Medium","Medium","Not sensitive",NA
"A5.5343",NA,"High","Not sensitive","Low","Medium","Low","High","Medium","Low","High","High","Not assessed",NA,"Low","Not sensitive","Not sensitive","Not sensitive","Not sensitive","Insufficient evidence","Not sensitive",NA
"A5.611",NA,"Not sensitive","Insufficient evidence","Not sensitive","Medium","Medium","Not sensitive","Not sensitive","Medium","High","Medium","Not assessed",NA,NA,"Not sensitive","Not sensitive","Not sensitive","Not sensitive","Not sensitive","Insufficient evidence",NA
"A5.612",NA,"Low","Insufficient evidence","Not sensitive","Medium","Medium","Medium","Not sensitive","Low","High","High","Not assessed",NA,"Insufficient evidence","Not sensitive","Not sensitive","Not sensitive","Not sensitive","Not sensitive","Insufficient evidence",NA
"A5.613",NA,"Insufficient evidence","Insufficient evidence",NA,"High","High","Insufficient evidence","Medium","High","High","Not sensitive","Not assessed",NA,"Insufficient evidence","Not sensitive","Not sensitive","Not sensitive","Not sensitive","Insufficient evidence","High",NA
"A5.621",NA,"Insufficient evidence","Insufficient evidence",NA,"High","High","Not sensitive","Medium","High","High","High","Not assessed","Insufficient evidence","Insufficient evidence","Not sensitive","Not sensitive","Not sensitive","Not sensitive","Not sensitive","Not sensitive",NA
"A5.622",NA,"Insufficient evidence","Insufficient evidence",NA,"High","High","Not sensitive","High","High","High","High","Not assessed","Insufficient evidence","Insufficient evidence","Not sensitive","Not sensitive","Not sensitive","Not sensitive","Not sensitive","Not sensitive",NA
"A5.623",NA,"Insufficient evidence","Insufficient evidence",NA,"High","High","Not sensitive","High","High","High","High","Not assessed","Insufficient evidence","Insufficient evidence","Not sensitive","Not sensitive","Not sensitive","Not sensitive","Not sensitive","Not sensitive",NA
"A5.624",NA,"Insufficient evidence","Insufficient evidence",NA,"High","High","Not sensitive","High","High","High","High","Not assessed","Insufficient evidence","Insufficient evidence","Not sensitive","Not sensitive","Not sensitive","Not sensitive","Not sensitive","Not sensitive",NA
"A5.625",NA,"High","Medium","Medium","Medium","Medium","Not sensitive","Medium","Medium","High","Not sensitive","Not assessed",NA,"Insufficient evidence","Not sensitive","Not sensitive","Not sensitive","Not sensitive","Not sensitive","Not sensitive",NA
"A5.631",NA,"Not sensitive","Insufficient evidence","Not sensitive","High","High","High","Medium","High","High",NA,"Not assessed",NA,"Insufficient evidence","Not sensitive","Not sensitive","Not sensitive","Insufficient evidence","Insufficient evidence","High",NA
"A5.7211",NA,"Insufficient evidence","Insufficient evidence",NA,NA,"Low","Not sensitive","Low","Low","High","High","Not assessed",NA,"Not sensitive","Not sensitive","Not sensitive","Not sensitive","Not sensitive","Not sensitive","Not sensitive",NA
"B3.111",NA,NA,NA,NA,NA,NA,NA,NA,NA,NA,NA,NA,NA,NA,NA,NA,NA,NA,NA,NA,NA
"B3.113",NA,NA,NA,NA,NA,NA,NA,NA,NA,NA,NA,NA,NA,NA,NA,NA,NA,NA,NA,NA,NA
"B3.114",NA,NA,NA,NA,NA,NA,NA,NA,NA,NA,NA,NA,NA,NA,NA,NA,NA,NA,NA,NA,NA
"B3.115",NA,NA,NA,NA,NA,NA,NA,NA,NA,NA,NA,NA,NA,NA,NA,NA,NA,NA,NA,NA,NA
